subject,exam_type,year,question_number,topic,question_text,answer_text,explanation,source_file
Computer Studies,Textbook Exercise,N/A,1,Computer Networking,What is the primary purpose of computer networks?,To facilitate communication and share resources among connected devices.,Computer networks are designed to enable communication and resource sharing among devices.,Computing-Section-3_LV.pdf (Page 2)
Computer Studies,Textbook Exercise,N/A,2,Computer Networking,What are some examples of computer networks?,"Office network, school Wi-Fi, and ATM network.",These examples illustrate how computer networks are used in various settings.,Computing-Section-3_LV.pdf (Page 2)
Computer Studies,Textbook Exercise,N/A,3,Computer Networking,What is a computer network?,A connection of two or more computers or computing devices.,A computer network is a collection of interconnected devices.,Computing-Section-3_LV.pdf (Page 2)
Computer Studies,Textbook Exercise,N/A,4,Computer Networking,What are some components of a computer network?,"Hub, nodes, and network interface cards (NIC).",These components are essential for establishing and maintaining a computer network.,Computing-Section-3_LV.pdf (Page 2)
Computer Studies,Textbook Exercise,N/A,5,Computer Networking,What is a stand-alone computer?,A computer that operates independently and is not connected to a network.,A stand-alone computer is not part of a network.,Computing-Section-3_LV.pdf (Page 2)
Computer Studies,Textbook Exercise,N/A,6,Computer Networking,What is a computer area network?,"A type of network designed to connect computers within a limited area such as a building, campus, or small geographical area.",Computer area networks are used to connect devices within a specific area.,Computing-Section-3_LV.pdf (Page 2)
Computer Studies,Textbook Exercise,N/A,7,Computer Networking,What is network topology?,"The physical and logical arrangement of different components (links, nodes, etc) in a computer network.",Network topology describes the structure of a computer network.,Computing-Section-3_LV.pdf (Page 2)
Computer Studies,Textbook Exercise,N/A,8,Computer Networking,What is network architecture?,The design and structure of a computer network.,Network architecture refers to the overall design of a computer network.,Computing-Section-3_LV.pdf (Page 2)
Computer Studies,Textbook Exercise,N/A,9,Computer Networking,What is the client-server model?,"Clients request services from centralised servers, ensuring easier management, security, and scalability.",The client-server model is a network architecture where clients request services from a central server.,Computing-Section-3_LV.pdf (Page 2)
Computer Studies,Textbook Exercise,N/A,10,Computer Networking,What is the peer-to-peer model?,An architecture where devices or nodes share resources and services directly without centralised control.,The peer-to-peer model is a network architecture where devices share resources directly.,Computing-Section-3_LV.pdf (Page 2)
Computer Networking,Textbook Exercise,N/A,9,Network Topology,"A network topology: The physical and logical arrangement of network elements (routers, switches, hub, cables etc.).",N/A,N/A,Computing-Section-3_LV.pdf (Page 3)
Computer Networking,Textbook Exercise,N/A,10,Cloud Networks,"The cloud networks: It involves a network of remote servers hosted on the internet to store, manage, and process data, rather than a local server or a personal computer.",N/A,N/A,Computing-Section-3_LV.pdf (Page 3)
Computer Networking,Textbook Exercise,N/A,11,OSI Model,The OSI model: It is a set of rules that explains the process of transmitting data between network devices.,N/A,N/A,Computing-Section-3_LV.pdf (Page 3)
Computer Networking,Textbook Exercise,N/A,12,Wireless Network,A wireless network or wireless data connection refers to the transfer of data between devices without the use of physical cables.,N/A,N/A,Computing-Section-3_LV.pdf (Page 3)
Computer Networking,Textbook Exercise,N/A,13,Wired Network,A wired network or wired data connection refers to the transfer of data between devices with the help of physical cables.,N/A,N/A,Computing-Section-3_LV.pdf (Page 3)
Computer Networking,Textbook Exercise,N/A,1,Advantages of Computer Networking,"Computer networking offers numerous benefits, which have significantly transformed how we communicate, access information, and conduct business. Some of the key advantages of computer networking include:",N/A,N/A,Computing-Section-3_LV.pdf (Page 3)
Computer Networking,Textbook Exercise,N/A,2,Resource Sharing,"One of the primary benefits of networking is the ability to share hardware resources (e.g., printers, scanners, storage devices) and software applications among multiple users. This reduces costs and increases efficiency as each device does not need to have dedicated resources.",N/A,N/A,Computing-Section-3_LV.pdf (Page 3)
Computer Networking,Textbook Exercise,N/A,3,Data Sharing and Collaboration,"Networking enables seamless sharing of data and files between users, facilitating collaboration on projects and tasks. This is particularly useful in business settings where teams need to work together on documents and presentations.",N/A,N/A,Computing-Section-3_LV.pdf (Page 3)
Computer Networking,Textbook Exercise,N/A,4,Shared Internet Access,"Networking allows multiple devices to share a single internet connection, making it a cost-effective and convenient way for businesses and households to provide internet access to all connected devices.",N/A,N/A,Computing-Section-3_LV.pdf (Page 3)
Computer Networking,Textbook Exercise,N/A,5,Centralised Management,"In a business networked environment, system administrators can manage and monitor multiple devices and users from a central location. This centralised management simplifies tasks like software updates, security configurations, and user permissions.",N/A,N/A,Computing-Section-3_LV.pdf (Page 3)
Computing,Textbook Exercise,N/A,1,Boolean Algebra,Boolean logic is a way of making decisions using simple statements that are either true or false.,N/A,N/A,YEAR 2 LM Computing Section 1.pdf (Page 1)
Computing,Textbook Exercise,N/A,1,Boolean Algebra,Logic gates are tiny parts inside a computer that make decisions based on the input they receive.,N/A,N/A,YEAR 2 LM Computing Section 1.pdf (Page 1)
Computing,Textbook Exercise,N/A,1,Boolean Algebra,Circuits are paths that allow signals to flow through and make things work in computers.,N/A,N/A,YEAR 2 LM Computing Section 1.pdf (Page 1)
Computing,Textbook Exercise,N/A,1,Boolean Algebra,Boolean expression is a way of writing a rule or decision using true or false statements.,N/A,N/A,YEAR 2 LM Computing Section 1.pdf (Page 1)
Computing,Textbook Exercise,N/A,1,Boolean Algebra,"Arithmetic operations are the addition, subtraction, multiplication and division used in computing mathematical tasks.",N/A,N/A,YEAR 2 LM Computing Section 1.pdf (Page 1)
Computing,Textbook Exercise,N/A,1a,Understanding Logic Operations and Expressions,"Complete the table below with the correct outputs for AND, OR and NOT operations in groups.",N/A,N/A,YEAR 2 LM Computing Section 1.pdf (Page 1)
Electronics,Textbook Exercise,N/A,1,Logic Gates,A (Input) B (Input) AND (Output) OR (Output) NOT A (output) NOT B (output),N/A,N/A,YEAR 2 LM Computing Section 1.pdf (Page 2)
Electronics,Textbook Exercise,N/A,2,Logic Gates,Present your results to the class for discussion.,N/A,N/A,YEAR 2 LM Computing Section 1.pdf (Page 2)
Electronics,Textbook Exercise,N/A,3,Logic Gates,What is the output of the activity you have just finished called?,NAND Gate,The output of the activity is called a NAND gate.,YEAR 2 LM Computing Section 1.pdf (Page 2)
Electronics,Textbook Exercise,N/A,4,Logic Gates,What is a NAND gate?,A NAND gate is the result of combining an AND gate and a NOT gate.,A NAND gate is the result of combining an AND gate and a NOT gate.,YEAR 2 LM Computing Section 1.pdf (Page 2)
Electronics,Textbook Exercise,N/A,5,Logic Gates,What is the typical use of a NAND gate?,The typical use of a NAND gate is to reverse an AND gate.,The typical use of a NAND gate is to reverse an AND gate.,YEAR 2 LM Computing Section 1.pdf (Page 2)
Electronics,Textbook Exercise,N/A,6,Logic Gates,Describe the typical truth table of the NAND gate.,N/A,The typical truth table of the NAND gate is shown in figure 1.1.,YEAR 2 LM Computing Section 1.pdf (Page 2)
Electronics,Textbook Exercise,N/A,1a,Understanding NAND Gate,Copy and fill the first column in the table below with the correct output from activity 1.1. AND (Input) ~ AND (Output),N/A,N/A,YEAR 2 LM Computing Section 1.pdf (Page 3)
Electronics,Textbook Exercise,N/A,2a,Understanding NAND Gate,Apply the NOT operator to the first column and write the result in the second column.,N/A,N/A,YEAR 2 LM Computing Section 1.pdf (Page 3)
Electronics,Textbook Exercise,N/A,3a,Understanding NAND Gate,Show your results to the teacher for approval.,N/A,N/A,YEAR 2 LM Computing Section 1.pdf (Page 3)
Electronics,Textbook Exercise,N/A,4a,Understanding NOR Gate,Copy and fill the first column in the table below with the correct output from activity 1.1.,N/A,N/A,YEAR 2 LM Computing Section 1.pdf (Page 3)
Computer Science,Textbook Exercise,N/A,1,Introduction to Computer Hardware and Software,1. What is the title of this chapter?,Introduction to Computer Hardware and Software,N/A,Computing-Section-2_LV.pdf (Page 1)
Computer Studies,Textbook Exercise,N/A,1,Introduction to Computer Hardware and Software,"Understanding computer hardware is crucial because it forms the foundation of all computing processes. It helps improve system performance, troubleshoot technical issues, and make cost-effective decisions when purchasing or upgrading hardware.",N/A,N/A,Computing-Section-2_LV.pdf (Page 2)
Computer Studies,Textbook Exercise,N/A,2,Introduction to Computer Hardware and Software,"Key components such as input devices (like keyboards and sensors), output devices (like monitors and printers), and storage devices (like hard drives and SSDs) play essential roles in how computers interact with users and the world.",N/A,N/A,Computing-Section-2_LV.pdf (Page 2)
Computer Studies,Textbook Exercise,N/A,3,Introduction to Computer Hardware and Software,"Hardware knowledge connects the digital and physical worlds, enabling the creation and optimisation of real-world applications in areas like robotics, healthcare, and automation.",N/A,N/A,Computing-Section-2_LV.pdf (Page 2)
Computer Studies,Textbook Exercise,N/A,4,Introduction to Computer Hardware and Software,"An understanding of how hardware components, including input, output, and storage devices function, allows students to better understand how software interacts with these physical systems, enhancing their overall understanding of computing.",N/A,N/A,Computing-Section-2_LV.pdf (Page 2)
Computer Studies,Textbook Exercise,N/A,5,Introduction to Computer Hardware and Software,"Consider how computer hardware technologies—such as input devices (like keyboards, touchscreens, and microphones), output devices (like monitors, speakers, and printers), and storage devices (like hard drives and cloud services)—are integral parts of your everyday life.",N/A,N/A,Computing-Section-2_LV.pdf (Page 2)
Computer Studies,Textbook Exercise,N/A,6,Introduction to Computer Hardware and Software,"Think about how you use these components daily when you text on your smartphone, listen to music, watch videos, or save files for school projects.",N/A,N/A,Computing-Section-2_LV.pdf (Page 2)
Computer Studies,Textbook Exercise,N/A,7,Introduction to Computer Hardware and Software,"By reflecting on how these technologies are embedded in your routine, you can appreciate the importance of understanding hardware and its role in connecting the digital and physical aspects of your world.",N/A,N/A,Computing-Section-2_LV.pdf (Page 2)
Computer Studies,Textbook Exercise,N/A,8,Introduction to Computer Hardware and Software,Hardware components of a computer are various physical parts or devices that work together to provide the necessary functionality for computing tasks.,N/A,N/A,Computing-Section-2_LV.pdf (Page 2)
Computer Studies,Textbook Exercise,N/A,9,Introduction to Computer Hardware and Software,Hardware devices are categorised into the following:,N/A,N/A,Computing-Section-2_LV.pdf (Page 2)
Computer Studies,Textbook Exercise,N/A,10,Introduction to Computer Hardware and Software,• Input devices,N/A,N/A,Computing-Section-2_LV.pdf (Page 2)
Computer Studies,Textbook Exercise,N/A,11,Introduction to Computer Hardware and Software,• Output devices,N/A,N/A,Computing-Section-2_LV.pdf (Page 2)
Computer Studies,Textbook Exercise,N/A,12,Introduction to Computer Hardware and Software,• Processing devices,N/A,N/A,Computing-Section-2_LV.pdf (Page 2)
Computer Studies,Textbook Exercise,N/A,13,Introduction to Computer Hardware and Software,• Storage devices,N/A,N/A,Computing-Section-2_LV.pdf (Page 2)
Computer Studies,Textbook Exercise,N/A,14,Introduction to Computer Hardware and Software,• Communication devices,N/A,N/A,Computing-Section-2_LV.pdf (Page 2)
Computer Studies,Textbook Exercise,N/A,1,Introduction to Computer Hardware and Software,Explain the features of the hardware components of a computer.,"The hardware components of a computer include input hardware, processing hardware, output hardware, storage hardware, and communication hardware.",Hardware is the physical part of the computer.,Computing-Section-2_LV.pdf (Page 3)
Computer Studies,Textbook Exercise,N/A,2,Introduction to Computer Hardware and Software,Describe the categories of Computer Software.,"A software is a set of instructions that tells a computer what to do. It includes a broad range of applications or programs, tools, and systems that enable the hardware to perform specific tasks.",A software is a set of instructions that tells a computer what to do.,Computing-Section-2_LV.pdf (Page 3)
Computer Studies,Textbook Exercise,N/A,3,Input Devices,What are input devices?,Input devices are hardware components that allow users to give data and instructions to a computer system.,Input devices enable users to interact with the computer and provide the necessary input for executing tasks.,Computing-Section-2_LV.pdf (Page 3)
Computer Studies,Textbook Exercise,N/A,4,Input Devices,Give examples of input devices.,Examples of input devices include keyboards.,"Keyboards are a common input device, consisting of a set of keys that allow users to input alphanumeric characters, symbols, and commands.",Computing-Section-2_LV.pdf (Page 3)
Computer Science,Textbook Exercise,N/A,1,Computational Thinking and Programming Logic,What is computational thinking?,N/A,N/A,Computing-Section-4_LV.pdf (Page 1)
Computing,Textbook Exercise,N/A,1,Introduction to Computational Thinking and Programming,"Hello Learner, welcome to an exciting journey into the world of computational thinking and programming! This section is designed to introduce you to the fundamentals of creating algorithms and writing code, primarily using Python.",N/A,N/A,Computing-Section-4_LV.pdf (Page 2)
Computing,Textbook Exercise,N/A,2,Introduction to Computational Thinking and Programming,What are the foundations you will use to build more complex programs as you progress?,"Variables, data types, and arrays",These are the basic programming concepts that will be mastered first.,Computing-Section-4_LV.pdf (Page 2)
Computing,Textbook Exercise,N/A,3,Introduction to Computational Thinking and Programming,"What is the process of writing code that tells a computer, application, or software program what to do?",Computer programming,"This is the process of writing code that tells a computer, application, or software program what to do.",Computing-Section-4_LV.pdf (Page 2)
Computing,Textbook Exercise,N/A,4,Introduction to Computational Thinking and Programming,What are the steps by way of solving a problem?,Algorithms,Algorithms are the steps by way of solving a problem.,Computing-Section-4_LV.pdf (Page 2)
Computing,Textbook Exercise,N/A,5,Introduction to Computational Thinking and Programming,What are the use of shapes to represent the steps of solving a problem?,Flowcharts,Flowcharts are the use of shapes to represent the steps of solving a problem.,Computing-Section-4_LV.pdf (Page 2)
Computing,Textbook Exercise,N/A,6,Introduction to Computational Thinking and Programming,What are the stages in the program development cycle?,"Analysis, Design, Coding and Testing",These are the stages in the program development cycle.,Computing-Section-4_LV.pdf (Page 2)
Computing,Textbook Exercise,N/A,7,Introduction to Computational Thinking and Programming,What are the key ideas in this section?,"Variables are named storage locations that hold a value or an object which can be changed, Computer programming is the process of writing code that tells a computer, application, or software program what to do, Algorithms are the steps by way of solving a problem, Flowcharts are the use of shapes to represent the steps of solving a problem",These are the key ideas in this section.,Computing-Section-4_LV.pdf (Page 2)
Computing,Textbook Exercise,N/A,1,Computational Thinking and Programming Logic,Pseudocode is the use of plain text to write algorithms.,N/A,N/A,Computing-Section-4_LV.pdf (Page 3)
Computing,Textbook Exercise,N/A,2,Computational Thinking and Programming Logic,Analysis is the initial stage where the problem or project requirements are thoroughly understood and defined.,N/A,N/A,Computing-Section-4_LV.pdf (Page 3)
Computing,Textbook Exercise,N/A,3,Computational Thinking and Programming Logic,"SDLC (Software Development Life Cycle): is a structured process used by software developers and project managers to design, develop, test and deploy software.",N/A,N/A,Computing-Section-4_LV.pdf (Page 3)
Computing,Textbook Exercise,N/A,4,Computational Thinking and Programming Logic,Data types is the category that tells a computer what kind of data you’re working with.,N/A,N/A,Computing-Section-4_LV.pdf (Page 3)
Computing,Textbook Exercise,N/A,5,Computational Thinking and Programming Logic,Data structures are a way of organising and storing data so that it can be used efficiently,N/A,N/A,Computing-Section-4_LV.pdf (Page 3)
Computing,Textbook Exercise,N/A,6,Computational Thinking and Programming Logic,"Arrays are a data structure that stores a collection of the same elements, typically of the same data types, in a specific order.",N/A,N/A,Computing-Section-4_LV.pdf (Page 3)
Computing,Textbook Exercise,N/A,7,Variables in Computing Programming,A computer program is a set of instructions used to solve a given problem.,N/A,N/A,Computing-Section-4_LV.pdf (Page 3)
Computing,Textbook Exercise,N/A,8,Variables in Computing Programming,A RAM chip on a computer’s motherboard has storage locations. These locations hold data.,N/A,N/A,Computing-Section-4_LV.pdf (Page 3)
Computing,Textbook Exercise,N/A,9,Variables in Computing Programming,"In programming, when we talk about variables, we mean information that can change.",N/A,N/A,Computing-Section-4_LV.pdf (Page 3)
Computing,Textbook Exercise,N/A,10,Variables in Computing Programming,"So, variables are part of a program that can have different values each time the program is used.",N/A,N/A,Computing-Section-4_LV.pdf (Page 3)
Computing,Textbook Exercise,N/A,11,Variable Naming,Choosing appropriate names for variables is important because it makes your program easier to understand.,N/A,N/A,Computing-Section-4_LV.pdf (Page 3)
Computing,Textbook Exercise,N/A,12,Variable Naming,Always use variable names that clearly describe what they hold.,N/A,N/A,Computing-Section-4_LV.pdf (Page 3)
Computer Architecture and Organisation,Textbook Exercise,N/A,1,Data Communication and Network Systems,What is the role of an Internet Service Provider (ISP)?,A company that provides access to the internet to individuals and organisations.,An ISP provides internet access to individuals and organisations.,YEAR 2 LM Computing Section 3.pdf (Page 1)
Computer Architecture and Organisation,Textbook Exercise,N/A,2,Data Communication and Network Systems,What is bandwidth?,The amount of data that can be transmitted over a network or internet connection in a given amount of time.,Bandwidth refers to the amount of data that can be transmitted in a given time.,YEAR 2 LM Computing Section 3.pdf (Page 1)
Computer Architecture and Organisation,Textbook Exercise,N/A,3,Data Communication and Network Systems,What is Internet Protocol (IP)?,A rule that governs communication over the internet.,IP is a rule that governs internet communication.,YEAR 2 LM Computing Section 3.pdf (Page 1)
Computer Architecture and Organisation,Textbook Exercise,N/A,4,Data Communication and Network Systems,What are network devices?,Physical devices used to connect computers and other devices within a network.,Network devices connect computers and other devices within a network.,YEAR 2 LM Computing Section 3.pdf (Page 1)
Computer Architecture and Organisation,Textbook Exercise,N/A,5,Data Communication and Network Systems,What is subnetting?,Dividing a larger network into smaller networks called 'subnets'.,Subnetting divides a larger network into smaller subnets.,YEAR 2 LM Computing Section 3.pdf (Page 1)
Computer Architecture and Organisation,Textbook Exercise,N/A,6,Data Communication and Network Systems,What is a Virtual Private Network (VPN)?,"A technology that allows people to use the internet by creating a private, encrypted connection.","A VPN creates a private, encrypted internet connection.",YEAR 2 LM Computing Section 3.pdf (Page 1)
Computing,Textbook Exercise,N/A,1,Local Area Network,1. Create a concept map of a Local Area Network.,N/A,N/A,YEAR 2 LM Computing Section 3.pdf (Page 2)
Computing,Textbook Exercise,N/A,2,Local Area Network,2. Show your concept to the teacher and peers.,N/A,N/A,YEAR 2 LM Computing Section 3.pdf (Page 2)
Computing,Textbook Exercise,N/A,1a,Designing a LAN,"a. The use of modular devices to easily expand your network. Networks contain a number of different devices, they can be designed to ensure that extra devices can be connected to the network. Extra Switches can be added to allow more wired devices to a network, or extra Wireless Access Points can be added to provide wider coverage or for more devices.",N/A,N/A,YEAR 2 LM Computing Section 3.pdf (Page 2)
Computing,Textbook Exercise,N/A,1b,Designing a LAN,"b. Implementing a hierarchical design using the three-layer model (core, distribution, and access) to efficiently organise your network. The core layer serves as the network backbone, enabling high-speed data transfer. The distribution layer links the core and access layers, handling policies and routing, while the access layer connects end devices, such as computers and printers. This structure manages traffic effectively and simplifies adding new devices.",N/A,N/A,YEAR 2 LM Computing Section 3.pdf (Page 2)
Computing,Textbook Exercise,N/A,1c,Designing a LAN,"c. Planning for future growth. In the future, there will be an increase in the number of computers and devices in your school or office, and you will add new services like video streaming or online learning without significant changes.",N/A,N/A,YEAR 2 LM Computing Section 3.pdf (Page 2)
Computing,Textbook Exercise,N/A,1d,Designing a LAN,"d. Incorporating redundancies. You need to have backup plans to ensure your network is available and even if the network fails, data can take another route.",N/A,N/A,YEAR 2 LM Computing Section 3.pdf (Page 2)
Computing,Textbook Exercise,N/A,1e,Designing a LAN,e. The use of redundant links and devices ensures that the LAN has dual power supplies and backup switches and routers so that the LAN stays on even if one fails.,N/A,N/A,YEAR 2 LM Computing Section 3.pdf (Page 2)
Computer Studies,Textbook Exercise,N/A,1,LAN Design,What is the importance of flexibility in building a network?,To support various devices and applications.,The network needs to have standard protocols and interfaces that allow communication and compatibility across devices.,YEAR 2 LM Computing Section 3.pdf (Page 3)
Computer Studies,Textbook Exercise,N/A,2,LAN Design,What are the key factors to consider when designing a network for performance?,"High-speed links and equipment, optimising network traffic with Quality of Service (QoS) policies.",To maintain network performance and reliability.,YEAR 2 LM Computing Section 3.pdf (Page 3)
Computer Studies,Textbook Exercise,N/A,3,LAN Design,What are some ways to secure a LAN?,"Using a firewall, updated antivirus and anti-malware software, strong passwords, and regular software updates.",To protect it from unauthorised access.,YEAR 2 LM Computing Section 3.pdf (Page 3)
Computer Studies,Textbook Exercise,N/A,4,LAN Design,What are the main steps in planning a LAN?,"Gather Requirements, including specifying the number of users, devices, required applications, user needs, performance, security, reliability, scalability, cost constraints, and coverage area of the network.",To make sure the network meets both the current and future needs of the organisation.,YEAR 2 LM Computing Section 3.pdf (Page 3)
Computer Science,Textbook Exercise,N/A,1,Computer Systems A – Data Representation and Computer Structure,What is the primary function of a computer system?,N/A,N/A,Computing-Section-1_-LV.pdf (Page 1)
Computer Systems A,Textbook Exercise,N/A,1,Data Representation and Computer Structure,What are the basic building blocks of computers?,Bits,"Bits are the basic building blocks of computers, telling the computers what to do and how to represent data.",Computing-Section-1_-LV.pdf (Page 2)
Computer Systems A,Textbook Exercise,N/A,2,Data Representation and Computer Structure,What do 8 bits make?,A byte,8 bits make a byte.,Computing-Section-1_-LV.pdf (Page 2)
Computer Systems A,Textbook Exercise,N/A,3,Data Representation and Computer Structure,How is raw data/binary representation decoded?,According to its type to make sense as useful information,"Different types of information (numbers, text, images, etc.) are encoded into binary in different ways.",Computing-Section-1_-LV.pdf (Page 2)
Computer Systems A,Textbook Exercise,N/A,4,Data Representation and Computer Structure,What is Boolean logic?,A type of algebra in which results are calculated as either True or False,Boolean logic is a type of algebra in which results are calculated as either True or False.,Computing-Section-1_-LV.pdf (Page 2)
Computer Systems A,Textbook Exercise,N/A,5,Data Representation and Computer Structure,What is the role of buses in a computer system?,"Buses are used to connect components, allowing data and signals to pass between them","Buses are used to connect these components, allowing data and signals to pass between them.",Computing-Section-1_-LV.pdf (Page 2)
Computer Systems A,Textbook Exercise,N/A,6,Data Representation and Computer Structure,What role do the system bus play in the machine cycle?,"They ferry around the necessary addresses, data and control signals","The buses that form the system bus play a key role in the machine cycle, because it is they who ferry around the necessary addresses, data and control signals.",Computing-Section-1_-LV.pdf (Page 2)
Computer Systems A,Textbook Exercise,N/A,1,Data Representation and Computer Structure,A bit is the smallest unit of data in computing or the digital world. A bit can only be in one of two ‘binary’ states: ‘0’ or ‘1. The ‘0’ often signifies ‘Off’ or ‘False’ and the ‘1’ signifies ‘On’ or ‘True’ as in Figure 1.1.,N/A,A bit is the smallest unit of data in computing or the digital world.,Computing-Section-1_-LV.pdf (Page 3)
Computer Systems A,Textbook Exercise,N/A,1,Data Representation and Computer Structure,Eight contiguous bits make one byte (8 bits = 1 byte).,N/A,Eight contiguous bits make one byte.,Computing-Section-1_-LV.pdf (Page 3)
Computer Systems A,Textbook Exercise,N/A,1,Data Representation and Computer Structure,A series of 0s and 1s is known as a bit pattern.,N/A,A series of 0s and 1s is known as a bit pattern.,Computing-Section-1_-LV.pdf (Page 3)
Computer Systems A,Textbook Exercise,N/A,1,Data Representation and Computer Structure,Representing data as bit patterns involves using sequences of 0s and 1s (bits) to encode different types of data.,N/A,Representing data as bit patterns involves using sequences of 0s and 1s (bits) to encode different types of data.,Computing-Section-1_-LV.pdf (Page 3)
Computer Systems A,Textbook Exercise,N/A,1,Data Representation and Computer Structure,"For example, a wall socket switch, which can be ‘On’ or ‘Off’ could be represented by one bit (0 or 1).",N/A,A wall socket switch can be represented by one bit (0 or 1).,Computing-Section-1_-LV.pdf (Page 3)
Computer Systems A,Textbook Exercise,N/A,1,Data Representation and Computer Structure,Bits can often be found in the real world as labels for switches indicating which direction/state is ‘On’ (1) and which is ‘Off’ (0).,N/A,Bits can often be found in the real world as labels for switches indicating which direction/state is ‘On’ (1) and which is ‘Off’ (0).,Computing-Section-1_-LV.pdf (Page 3)
Computing,Textbook Exercise,N/A,1,Introduction to Barcodes and QR Codes,What are barcodes used for?,"Barcodes are used everywhere, from the products we buy at the store, to the tickets we use for events and shows.",Barcodes are used for tracking and retrieving information about products.,YEAR 2 LM Computing Section 2.pdf (Page 1)
Computing,Textbook Exercise,N/A,2,Introduction to Barcodes and QR Codes,What is the main difference between a regular barcode and a QR code?,QR codes can store much more information than a regular barcode.,QR codes have more storage capacity than regular barcodes.,YEAR 2 LM Computing Section 2.pdf (Page 1)
Computing,Textbook Exercise,N/A,3,Introduction to Software,What is software?,Software is a set of instructions or programs that tell a computer what to do.,Software is the brain of a computer that makes everything work.,YEAR 2 LM Computing Section 2.pdf (Page 1)
Computing,Textbook Exercise,N/A,4,Understanding Barcodes,What is a barcode made up of?,A barcode is made up of a series of lines of varying widths that represent numbers and other symbols.,Each barcode is a globally unique number.,YEAR 2 LM Computing Section 2.pdf (Page 1)
Computing,Textbook Exercise,N/A,5,Understanding Barcodes,Why are barcodes important in retail stores?,Barcodes are used in retail stores to quickly retrieve a product's name and price at checkout and to track products as they move through the supply chain.,Barcodes help store owners track products and retrieve information quickly.,YEAR 2 LM Computing Section 2.pdf (Page 1)
Computer Studies,Textbook Exercise,N/A,1,Introduction to Barcodes,What is the main purpose of a barcode?,N/A,N/A,YEAR 2 LM Computing Section 2.pdf (Page 2)
Computer Studies,Textbook Exercise,N/A,2,Introduction to Barcodes,What is the EAN-13 barcode?,N/A,N/A,YEAR 2 LM Computing Section 2.pdf (Page 2)
Computer Studies,Textbook Exercise,N/A,3,Types of Barcodes,What is the significance of the first digit in an EAN-13 barcode?,N/A,N/A,YEAR 2 LM Computing Section 2.pdf (Page 2)
Computer Studies,Textbook Exercise,N/A,4,Types of Barcodes,What type of barcode is used in Ghana?,GHBS-13,"The GHBS-13 is a barcode system used in Ghana, based on the standard EAN-13 format but enhanced to suit local needs.",YEAR 2 LM Computing Section 2.pdf (Page 2)
Computing,Textbook Exercise,N/A,2,Barcodes,"These 12-digit barcodes are commonly found on retail goods in the USA and Canada, except for books and magazines.",N/A,N/A,YEAR 2 LM Computing Section 2.pdf (Page 3)
Computing,Textbook Exercise,N/A,3,Barcodes,ITF-14 Carton & Pallet Barcodes: ITF-14 Carton Codes are created from EAN-13 and UPC-A barcodes.,N/A,N/A,YEAR 2 LM Computing Section 2.pdf (Page 3)
Computer Science,Textbook Exercise,N/A,1,Computational Thinking and Web Development,What is computational thinking?,N/A,N/A,Computing-Section-5_LV.pdf (Page 1)
Computing,Textbook Exercise,N/A,1,Web Technologies and Databases,Take a moment to explore the beauty of this website here or https://t-tel.org/.  Are you curious about how it was expertly created?,N/A,N/A,Computing-Section-5_LV.pdf (Page 2)
Computing,Textbook Exercise,N/A,2,Web Technologies and Databases,"In this section, you will learn the basics of building a website. Through hands-on activities and problem-solving tasks, you will develop your coding skills and understand how websites are made using tools such as HTML, CSS, and JavaScript.",N/A,N/A,Computing-Section-5_LV.pdf (Page 2)
Computing,Textbook Exercise,N/A,3,Web Technologies and Databases,"We will focus on web outline plans, which include essential elements like sitemaps, wireframes, and prototypes.",N/A,N/A,Computing-Section-5_LV.pdf (Page 2)
Computing,Textbook Exercise,N/A,4,Web Technologies and Databases,These tools will help you see the different parts of a web page and may even inspire you to try web development yourself!,N/A,N/A,Computing-Section-5_LV.pdf (Page 2)
Computing,Textbook Exercise,N/A,5,Web Technologies and Databases,"There are many excellent websites, such as w3schools.com and codecademy.com, where you can learn more and practise your skills.",N/A,N/A,Computing-Section-5_LV.pdf (Page 2)
Computing,Textbook Exercise,N/A,6,Web Technologies and Databases,We are excited for you to gain these valuable skills – let us get started then!,N/A,N/A,Computing-Section-5_LV.pdf (Page 2)
Computing,Textbook Exercise,N/A,7,Web Technologies and Databases,"At the end of this section, you will be able to: 1. Identify and describe the key components of a Web page, including headings, menus, links, text, images, and other relevant elements.",N/A,N/A,Computing-Section-5_LV.pdf (Page 2)
Computing,Textbook Exercise,N/A,8,Web Technologies and Databases,2. Draw and explain 2 web outline plans showing the wireframes.,N/A,N/A,Computing-Section-5_LV.pdf (Page 2)
Computing,Textbook Exercise,N/A,9,Web Technologies and Databases,"Key Ideas 1. Web design - Web design involves planning and creating the visual layout and structure of a website. It ensures the site is attractive, user-friendly, and works well on different devices.",N/A,N/A,Computing-Section-5_LV.pdf (Page 2)
Computing,Textbook Exercise,N/A,10,Web Technologies and Databases,2. Web development – Is the process of building and maintaining websites,N/A,N/A,Computing-Section-5_LV.pdf (Page 2)
Computing,Textbook Exercise,N/A,11,Web Technologies and Databases,3. Front-end – Refers to the part of a website that users interact with directly,N/A,N/A,Computing-Section-5_LV.pdf (Page 2)
Computing,Textbook Exercise,N/A,12,Web Technologies and Databases,"4. Back-end – Ensures that the front-end operates smoothly by handling data processing, storage, and security",N/A,N/A,Computing-Section-5_LV.pdf (Page 2)
Computing,Textbook Exercise,N/A,13,Web Technologies and Databases,5. Sitemap - A sitemap is a visual or structured map that outlines the organisation and hierarchy of a website’s pages,N/A,N/A,Computing-Section-5_LV.pdf (Page 2)
Computing,Textbook Exercise,N/A,14,Web Technologies and Databases,6. User experience (UX) - Refers to how users interact with and feel about a website,N/A,N/A,Computing-Section-5_LV.pdf (Page 2)
Computing,Textbook Exercise,N/A,15,Web Technologies and Databases,7. User interface (UI) - Refers to the visual elements of software or a website that users interact with,N/A,N/A,Computing-Section-5_LV.pdf (Page 2)
Computing,Textbook Exercise,N/A,1,Web Development,Do this activity individually. 1. Click on these two links and explore the similarities and differences on the landing page (the first page that opens when you click the link).,N/A,N/A,Computing-Section-5_LV.pdf (Page 3)
Computing,Textbook Exercise,N/A,2,Web Development,List 5 things they have in common.,N/A,N/A,Computing-Section-5_LV.pdf (Page 3)
Computing,Textbook Exercise,N/A,3,Web Development,What are the key differences between them?,N/A,N/A,Computing-Section-5_LV.pdf (Page 3)
Computing,Textbook Exercise,N/A,4,Web Development,Share your finding with the class and discuss.,N/A,N/A,Computing-Section-5_LV.pdf (Page 3)
Computing,Textbook Exercise,N/A,5,Web Development,What is the difference between link 1 and link 2?,"Link 1 is just a design, without any functionality, while link 2 has functionality which makes the website respond to what you clicked on.",This is based on the activity completed in the text.,Computing-Section-5_LV.pdf (Page 3)
Computing,Textbook Exercise,N/A,1,Use of Web Page Editors,What is a database?,A place to store and organise information.,A database is a collection of related data that is stored in a way that allows for efficient retrieval and manipulation of the data.,YEAR 2 LM Computing Section 6.pdf (Page 1)
Computing,Textbook Exercise,N/A,2,Use of Web Page Editors,What is a key in a database?,A unique identifier in a database that ensures no two records are the same.,A key is a unique identifier that distinguishes one record from another in a database.,YEAR 2 LM Computing Section 6.pdf (Page 1)
Computing,Textbook Exercise,N/A,3,Use of Web Page Editors,What are queries?,Statements used to get information from a database.,Queries are used to retrieve specific data from a database.,YEAR 2 LM Computing Section 6.pdf (Page 1)
Computing,Textbook Exercise,N/A,4,Use of Web Page Editors,What is SQL?,A special language used to query a database.,SQL is a language used to manage and manipulate data in a database.,YEAR 2 LM Computing Section 6.pdf (Page 1)
Computing,Textbook Exercise,N/A,5,Use of Web Page Editors,What are relations?,Connections between tables in a database.,Relations are the connections between tables in a database.,YEAR 2 LM Computing Section 6.pdf (Page 1)
Computing,Textbook Exercise,N/A,6,Use of Web Page Editors,What is an entity?,An object or thing in a database.,An entity is an object or thing that is represented in a database.,YEAR 2 LM Computing Section 6.pdf (Page 1)
Computing,Textbook Exercise,N/A,7,Use of Web Page Editors,What are attributes?,A characteristic of an entity.,Attributes are the characteristics or properties of an entity.,YEAR 2 LM Computing Section 6.pdf (Page 1)
Computing,Textbook Exercise,N/A,8,Use of Web Page Editors,What are editors?,"Software used to write code, create and manage websites.","Editors are software tools used to write code, create, and manage websites.",YEAR 2 LM Computing Section 6.pdf (Page 1)
Computing,Textbook Exercise,N/A,9,Use of Web Page Editors,What is HTML?,The basic code used to structure and design web pages.,HTML is the basic code used to structure and design web pages.,YEAR 2 LM Computing Section 6.pdf (Page 1)
Computing,Textbook Exercise,N/A,10,Use of Web Page Editors,What is CSS?,A language used to style web pages.,CSS is a language used to style and layout web pages.,YEAR 2 LM Computing Section 6.pdf (Page 1)
Computer Studies,Textbook Exercise,N/A,1,Introduction to Web Development,"To start with web development, familiarise yourself with this simple website in activity 6.1.",N/A,N/A,YEAR 2 LM Computing Section 6.pdf (Page 2)
Computer Studies,Textbook Exercise,N/A,2,Introduction to Web Development,"1. Individually, observe and make notes on Ghana government’s website by visting https://www.ghana.gov.gh/ or clicking here.",N/A,N/A,YEAR 2 LM Computing Section 6.pdf (Page 2)
Computer Studies,Textbook Exercise,N/A,3,Introduction to Web Development,2. Share with the class what you have observed.,N/A,N/A,YEAR 2 LM Computing Section 6.pdf (Page 2)
Computer Studies,Textbook Exercise,N/A,4,Introduction to Web Development,"Web development is the process of making websites and web applications that people can use on the internet. It includes writing code, designing how the website looks and arranging the content to create pages that work well and are easy to use.",N/A,N/A,YEAR 2 LM Computing Section 6.pdf (Page 2)
Computer Studies,Textbook Exercise,N/A,5,Importance of Web Development,Web development has improved our daily lives due to the following reasons:,N/A,N/A,YEAR 2 LM Computing Section 6.pdf (Page 2)
Computer Studies,Textbook Exercise,N/A,6,Importance of Web Development,"1. Accessibility: Websites provide a platform for sharing information and services with people across the globe. The Ghana Education Service (GES) website allows students, teachers, parents and the public to access official updates and resources.",N/A,N/A,YEAR 2 LM Computing Section 6.pdf (Page 2)
Computer Studies,Textbook Exercise,N/A,7,Importance of Web Development,"2. Business Presence: Having a website for your business allows the business to connect with a larger audience and showcase your products or services. Jumia Ghana and Melcom online are examples of such businesses, reaching customers beyond its physical locations.",N/A,N/A,YEAR 2 LM Computing Section 6.pdf (Page 2)
Computer Studies,Textbook Exercise,N/A,8,Importance of Web Development,"3. Communication: Blogs, forums and social media on websites and web apps make it easier for people to interact and share ideas. GhanaWeb provides news, forums, and blogs for Ghanaians to stay informed and engage in discussions.",N/A,N/A,YEAR 2 LM Computing Section 6.pdf (Page 2)
Computing,Textbook Exercise,N/A,1,Types of Websites,What are the two types of websites?,Static and Dynamic websites,N/A,YEAR 2 LM Computing Section 6.pdf (Page 3)
Computing,Textbook Exercise,N/A,1a,Characteristics of Static Websites,What is one of the characteristics of a static website?,Content does not change unless manually updated by the developer,N/A,YEAR 2 LM Computing Section 6.pdf (Page 3)
Computing,Textbook Exercise,N/A,1b,Characteristics of Static Websites,What is another characteristic of a static website?,Easier and faster to create and host,N/A,YEAR 2 LM Computing Section 6.pdf (Page 3)
Computing,Textbook Exercise,N/A,1c,Characteristics of Static Websites,What is another characteristic of a static website?,Generally cheaper to develop and maintain,N/A,YEAR 2 LM Computing Section 6.pdf (Page 3)
Computing,Textbook Exercise,N/A,1d,Characteristics of Static Websites,What is another characteristic of a static website?,Suitable for small websites with limited content updates,N/A,YEAR 2 LM Computing Section 6.pdf (Page 3)
Computing,Textbook Exercise,N/A,4.1a,Main Memory & Data Structures,What is RAM?,N/A,N/A,YEAR 2 LM Computing Section 4-5.pdf (Page 1)
Computing,Textbook Exercise,N/A,b,RAM,Why is RAM an important part of a computer?,N/A,N/A,YEAR 2 LM Computing Section 4-5.pdf (Page 2)
Computing,Textbook Exercise,N/A,c,RAM,How does RAM differ from storage devices such as Hard Disk Drive or Solid-State Drive?,N/A,N/A,YEAR 2 LM Computing Section 4-5.pdf (Page 2)
Computing,Textbook Exercise,N/A,d,RAM,"What are the similarities and differences between RAM and your notebook, when we compare RAM with your notebook where you write your notes temporarily?",N/A,N/A,YEAR 2 LM Computing Section 4-5.pdf (Page 2)
Computing,Textbook Exercise,N/A,e,RAM,What unique role does RAM play in a computer system compared to other storage devices?,N/A,N/A,YEAR 2 LM Computing Section 4-5.pdf (Page 2)
Computing,Textbook Exercise,N/A,f,RAM,"Given the choice for you to upgrade RAM or CPU, which would you upgrade? Explain your chosen option, taking functions of RAM into consideration.",N/A,N/A,YEAR 2 LM Computing Section 4-5.pdf (Page 2)
Computing,Textbook Exercise,N/A,1,Features of Memory (RAM),Present your responses to the class for feedback.,N/A,N/A,YEAR 2 LM Computing Section 4-5.pdf (Page 2)
Computing,Textbook Exercise,N/A,1,Features of Memory (RAM),Features of memory (RAM),N/A,N/A,YEAR 2 LM Computing Section 4-5.pdf (Page 2)
Computing,Textbook Exercise,N/A,1,Features of Memory (RAM),"RAM is like the computer's short-term memory. It is where the computer temporarily stores the data and programs it is currently working on. This makes it easy for the processor to quickly access the information it needs. However, once the computer is turned off, everything in the computer's RAM is cleared and disappears. Features of RAM include its capacity, speed and volatility.",N/A,N/A,YEAR 2 LM Computing Section 4-5.pdf (Page 2)
Computing,Textbook Exercise,N/A,1,Features of Memory (RAM),"1. Capacity: RAM is measured in gigabytes (GB), commonly ranging from 2GB to 32GB or more in computers, smartphones, and other devices. The amount of RAM a computer has affects its ability to run multiple programs smoothly. More RAM allows for better performance when handling several tasks at once.",N/A,N/A,YEAR 2 LM Computing Section 4-5.pdf (Page 2)
Computing,Textbook Exercise,N/A,2,Features of Memory (RAM),"2. Speed: RAM speed, measured in megahertz (MHz), determines how quickly data can be read from or written to RAM. Higher speeds improve the computer’s ability to process information rapidly. There are different types of RAM, like DRAM and SRAM, each with varying speeds that impact performance.",N/A,N/A,YEAR 2 LM Computing Section 4-5.pdf (Page 2)
Computing,Textbook Exercise,N/A,3,Features of Memory (RAM),"3. Volatility: RAM is considered to be volatile memory, meaning it only keeps data as long as the computer is on. Once the power is off, all information stored in RAM is lost. This makes it different from permanent storage like hard drives or SSDs, which retain data even when the device is turned off.",N/A,N/A,YEAR 2 LM Computing Section 4-5.pdf (Page 2)
Computing,Textbook Exercise,N/A,1,Types of RAM,The types of RAM include the following:,N/A,N/A,YEAR 2 LM Computing Section 4-5.pdf (Page 2)
Computing,Textbook Exercise,N/A,1,Types of RAM,"1. DDR4 (Double Data Rate 4) is a type of RAM that is commonly used in modern computers. It is faster and more efficient than previous versions like DDR3, which helps improve performance, especially in tasks requiring high-speed data transfer.",N/A,N/A,YEAR 2 LM Computing Section 4-5.pdf (Page 2)
Computing,Textbook Exercise,N/A,2,Types of RAM,"2. DDR5 (Double Data Rate 4/5) is the latest version in the DDR series and is even faster than DDR4. It provides higher data transfer rates and improved energy efficiency, making it the best choice for advanced computing tasks, gaming, and high-performance applications.",N/A,N/A,YEAR 2 LM Computing Section 4-5.pdf (Page 2)
Computing,Textbook Exercise,N/A,3,Types of RAM,3. SDRAM (Synchronous Dynamic RAM) is a type of RAM that operates in sync with the computer’s processor allowing for faster data access compared to older types of RAM.,N/A,N/A,YEAR 2 LM Computing Section 4-5.pdf (Page 2)
Computing,Textbook Exercise,N/A,1a,Features and types of RAM,What is one feature of RAM that you can research on?,"Capacity, Speed or Volatility",RAM has different features that can be researched on.,YEAR 2 LM Computing Section 4-5.pdf (Page 3)
Computing,Textbook Exercise,N/A,1b,Features and types of RAM,What is one type of RAM that you can research on?,"DDR4, DDR5, SDRAM",RAM has different types that can be researched on.,YEAR 2 LM Computing Section 4-5.pdf (Page 3)
Computing,Textbook Exercise,N/A,1c,Features and types of RAM,Which type of RAM is most effective for the following tasks: i) gaming ii) server use iii) everyday computing?,N/A,"This question requires evidence to support the answer, which is not provided.",YEAR 2 LM Computing Section 4-5.pdf (Page 3)
Computing,Textbook Exercise,N/A,2,Features and types of RAM,Present your findings in a presentation format (digital or paper-based) and include pictures and images to make your presentation more interesting.,N/A,"This is an activity question, not a multiple-choice question.",YEAR 2 LM Computing Section 4-5.pdf (Page 3)
Computing,Textbook Exercise,N/A,3,The Future of RAM Technology,Use the internet and find out recent innovations or future developments in RAM technology.,N/A,"This is an activity question, not a multiple-choice question.",YEAR 2 LM Computing Section 4-5.pdf (Page 3)
Computing,Textbook Exercise,N/A,4,The Future of RAM Technology,Identify potential uses for faster or higher capacity RAM and the new types of applications this technology could support.,N/A,"This is an activity question, not a multiple-choice question.",YEAR 2 LM Computing Section 4-5.pdf (Page 3)
Computing,Textbook Exercise,N/A,5,The Future of RAM Technology,Indicate how developments in RAM technology could change how we use computers or devices in the future.,N/A,"This is an activity question, not a multiple-choice question.",YEAR 2 LM Computing Section 4-5.pdf (Page 3)
Computing,Textbook Exercise,N/A,6,Introduction to Data Types,What are examples of data types in computers?,"whole numbers (integers), words or text (strings), and true/false answers (Booleans)","Computers use these data types to organize, store and handle information.",YEAR 2 LM Computing Section 4-5.pdf (Page 3)
Computing,Textbook Exercise,N/A,7,Introduction to Data Types,What are integers?,whole numbers that do not have any fractions or decimals,"Integers can be positive, negative, or even zero.",YEAR 2 LM Computing Section 4-5.pdf (Page 3)
Computing,Textbook Exercise,N/A,8,Introduction to Data Types,What are floats?,numbers that have a decimal point,Floats are used to represent measurements that require accuracy.,YEAR 2 LM Computing Section 4-5.pdf (Page 3)
